Product_1,Product_Name
100,General household appliances
101,"Washing machines without wringers or other
dryers"
102,Wringer washing machines
103,Washing machines with unheated spin dryers
104,Washing machines with electric dryers
105,Washing machines with gas dryers
106,Electric clothes dryers without washers
107,Gas clothes dryers without washers
108,Mangle irons
109,Electric blankets
110,Electric heating pads
111,Portable electric fans
112,Sewing machines or accessories
113,Floor buffers or waxers
114,Rug shampooers
115,Vacuum cleaners
116,Electric brooms
117,"Automatic door openers and closers; automatic
garage doors"
118,Gas water heaters
119,"Electric water heaters (excluding immersion
heaters)"
120,"Water heaters, oil"
121,Incinerators without fuel or electric heat supply
122,"Incinerators, electric"
123,"Incinerators, gas"
124,Water fountains
125,Water softeners or conditioners (appliances)
126,"Washing machines, not specified"
127,"Clothes dryers, not specified"
128,"Water heaters, not otherwise specified"
129,"Incinerators, not otherwise specified"
130,Electric sheets
131,"Propane, LP or butane gas tanks or fittings"
132,Electric blankets or sheets
133,Other water heaters
134,"Water heaters, not specified"
135,Washer-dryer combinations (within one frame)
136,Drinking fountains
137,"Automatic doors or door openers (excluding
garage doors)"
138,Automatic garage doors or door openers
139,Incinerators
140,"Washing machines, other or not specified"
200,Kitchen appliances
201,"Electric stove with oven, except self-cleaning"
202,Electric counter-mounted cooking surfaces
203,"Gas ranges with ovens, except self-cleaning"
204,Gas counter-mounted cooking surfaces
205,"Electric ovens separate from ranges, except self-
cleaning"
206,"Gas ovens separate from ranges, except self-
cleaning"
207,Microwave ovens separate from ranges
208,Electric refrigerators or refrigerator/freezers
209,Gas refrigerators or refrigerator/freezers
210,"Freezers, separate, electric"
211,"Freezers, separate, gas"
212,Electric corn poppers
213,Electric can openers
214,Dishwashers
215,Electric blenders
216,"Electric counter-top ovens, broilers or toaster
ovens"
217,Electric coffee makers or teapots
218,Electric or battery-powered knives
219,Electric deep fryers
220,"Defroster devices, electric"
221,Food warmers
222,Electric frying pans and skillets
223,Electric griddles
224,Hot plates
225,"Ice cream makers, electric"
226,"Ice crushers, electric"
227,Ice makers (separate from refrigerators)
228,"Juicers, electric"
229,"Kettles, electric"
230,"Meat/food grinders, electric"
231,Electric mixers
232,Electric scissors
233,Electric slicers or choppers (excluding knives)
234,Toasters (excluding toaster ovens)
235,Electric waffle irons
236,Faucet water heaters
237,Garbage disposers
238,Dry heat irons
239,Steam irons
240,Electric knife sharpeners
241,Rotisseries
242,Electric immersion water heaters
243,"Ranges/stoves, not otherwise specified"
244,"Ovens, not otherwise specified"
245,"Refrigerators or refrigerator/freezers, not
specified"
246,"Freezers, not otherwise specified"
247,"Irons, not specified"
248,"Electric self-cleaning ovens, separate"
249,"Gas self-cleaning ovens, separate"
250,Range or oven accessories
251,"Ovens, microwave, with ranges"
252,Trash compactors
253,Electric range with self-cleaning oven
254,Gas range with self-cleaning oven
255,Clothes steamers
256,Range/stove hoods and exhaust fans
257,"Counter-mounted cooking surfaces, not specified"
258,"Coffee grinder, electric"
259,Electric ranges (with ovens)
260,Gas ranges (with ovens)
261,Electric ovens (excluding counter-top ovens)
262,Gas ovens
263,Freezers (separate from refrigerators)
264,Microwave ovens
265,Other ovens
266,"Ovens, not specified"
267,Other ranges (with ovens)
268,Slow cookers
269,Electric kettles or hot pots
270,Ice crushers
271,Juicers
272,Electric food grinders
273,"Ranges, not specified"
274,Ice cream makers
275,Food processors
276,Refrigerators
277,Clothing irons
278,"Electric ranges or ovens (excl. counter-top
ovens)"
279,Gas ranges or ovens
280,Other ranges or ovens
300,"Space heating, cooling and ventilating appliances"
301,Electric air conditioners
302,Gas air conditioners
303,"Fans, water cool"
304,Humidifiers
305,Vaporizers
306,Dehumidifiers
307,Air purifiers
308,Boilers
309,Coal furnaces
310,Gas furnaces (excluding floor furnaces)
311,Oil furnaces (excluding floor furnaces)
312,Electric baseboard heaters
313,"Heating stove, space heaters, electric, not
otherwise specified"
314,"Gas space heaters, attached"
315,"Heating stove, space heaters, attached,
kerosene"
316,"Wood burning fireplaces, factory built"
317,Prefabricated chimneys
318,Electric furnaces (excluding floor furnaces)
319,Other heating systems including heat pumps
320,Home radiators
321,"Air conditioners, not otherwise specified"
322,"Furnaces, other or not specified"
323,"Heating stoves, space heaters, not otherwise
specified"
324,"Heating stoves, not otherwise specified"
325,"Heating stoves, space heaters, gas, LP"
326,"Floor furnaces, not otherwise specified"
327,"Floor furnaces, coal"
328,"Floor furnaces, gas"
329,"Floor furnaces, oil"
330,Gas heating stoves
331,"Heating stoves, space heaters, kerosene, not
attached"
332,Wood stoves
333,Coal stoves
334,"Gas-burning fireplaces, factory built"
335,"Floor furnaces, electric"
336,Built-in fireplaces
337,Hot water pipes
338,Steam pipes
339,Ductwork for heating or cooling systems
340,Thermostats (for heating or cooling systems)
341,"Fans, permanently installed, including attic fans"
342,"Fireplaces, not specified"
343,"Heating systems, not otherwise specified"
344,"Fans, not specified"
345,"Pipes, not otherwise specified"
346,"Electric fireplaces, factory built"
347,"Radiators, not otherwise specified"
348,Portable electric heaters
349,"Space heaters, electric, stationary"
350,Gas or LP floor heaters (resting on floor)
351,"Heaters and duct heaters, gas unit, suspended"
352,Gas or LP wall heaters
353,"Space heaters, gas, not otherwise specified"
354,"Stove, combination heating/cooking"
355,"Fan/heater combination, portable (e.g., hassock
type)"
356,Sewage pipes or covers
358,"Air conditioners, not specified"
359,Installed electric fans
360,Electric wall heaters
361,Other electric heaters
362,Portable gas or LP heaters (noncatalytic)
363,Suspended or ceiling gas or LP heaters
364,Other gas or LP heaters
365,Heat pumps
366,Catalytic heaters
367,Coal or wood-burning stoves
368,Gasoline heaters (noncatalytic)
369,Other heaters or heating systems
370,"Heaters or heating systems, not specified"
371,"Ductwork for heating or cooling systems
(excluding flues)"
372,"Brick, stone or masonry chimneys"
373,"Metal chimneys, stovepipes or flues"
374,Pipes (excluding smoking pipes)
376,"Gas or LP heaters, not specified"
377,"Pipes, not specified"
378,"Chimneys, not specified"
379,Radiators (excluding vehicle radiators)
380,Fans
381,Air conditioners
382,Other radiators (nonvehicular)
383,Other pipes
384,Floor furnaces (built into floor)
385,Electric ceiling heaters
386,Gas or LP floor or wall heaters
387,"Radiators, not specified"
388,"Electric heaters, not elsewhere classified"
389,"Gas or LP heaters, not elsewhere classified"
390,"Heat tapes, electric"
391,Portable gas or LP heaters
392,"Gas or LP heaters, other or not specified"
393,"Heaters or heating systems, other or not
specified"
394,Outdoor patio heaters or firepits (manufactured)
399,Kerosene or oil heaters
400,Housewares (nonpowered)
401,Nonelectric can openers
402,"Chafing dishes and fondue pots with open flame
burners"
403,"Table stoves, open flame"
404,"Coffee grinders, nonelectric"
405,Unpowered coffee makers or teapots
406,"Pots and pans, including lids"
407,Unpowered cutlery or kitchen knives
408,Ironing boards or covers
409,"Ice crushers, manual"
410,"Juicers, manual"
411,"Food grinders, manual"
412,Pressure cookers or canners
413,"Waste containers, trash baskets or refuse bins"
414,Nonelectric slicers or choppers (excluding knives)
415,Wax candles or paraffin
416,Corkscrews
417,Flatware (excluding knives)
418,"Tableware, including insulated design (dishes,
cups, saucers, serving bowls and platters)"
419,"Tie racks, belt racks or other clothes hangers"
420,Manual scissors
421,Nonelectric knife sharpeners
422,Bottle openers
423,Butane candles
424,Glass drinking glasses
425,Nonglass drinking glasses
426,"Ovenware, including glass and pottery"
427,Ice picks
428,"Kitchen gadgets, not elsewhere classified"
429,Food skewers
430,"Ice cream makers, manual"
431,Toothpicks or hor d'oeuvres picks
432,Trays (excluding food warmers)
433,Candlesticks or holders
434,Doorstops
435,"Kitchen mixing bowls, canisters or similar
containers (excluding plastic products)"
436,"Potholders, oven mitts or hot pads"
437,"Tableware accessories, including salt/pepper
shakers, sugar bowls, cream pitchers, etc."
438,Laundry baskets
439,Bar accessories (excluding corkscrews)
440,Atmospheric thermometers
441,Cooking thermometers
442,"Knives, not otherwise specified"
443,Drinking straws
444,"Knife sharpeners, not specified"
445,"Ice crushers, not otherwise specified"
446,"Juicers, not otherwise specified"
447,"Coffee grinders, not otherwise specified"
448,"Food grinders, not otherwise specified"
449,"Slicers or choppers, not specified"
450,"Scissors, not specified"
451,"Ice cream makers, not otherwise specified"
452,"Coffee makers or teapots, not specified"
453,"Can openers, not specified"
454,Nonglass drinking glasses
455,"Thermometers, not otherwise specified"
456,"Cookware, metal"
457,"Cookware, nonmetal, including glass, pottery and
ceramic"
459,Manual cleaning equipment
460,"Metal cookware (nonelectric; excluding pressure
cookers and canners)"
461,Nonmetal cookware (nonelectric)
462,Chafing dishes or fondue pots
463,"Candles, candlesticks and other candle holders"
464,"Knives, not elsewhere classified"
465,Other cookware
466,"Cookware, not specified"
467,Other knives
468,"Knives, not specified"
469,Slicers and choppers
470,"Other thermometers (excluding medical
thermometers)"
471,Food grinders
472,Manual food grinders
473,"Food grinders, not specified"
474,"Tableware and accessories (excluding drinking
glasses)"
475,"Drinking glasses, not specified"
476,"Thermometers, not specified"
477,Thermometers (excluding medical thermometers)
478,Drinking glasses
480,"Manual cleaning equipment (excluding buckets or
pails)"
481,Bread making machines
482,"Appliances, other or not specified"
500,"Home communications, entertainment and hobby
equipment"
501,"Television sets, not specified"
502,"Radios, all models, except hobby"
503,Sound recording and reproducing equipment
504,"Musical instruments, nonelectric"
505,Movie cameras
506,"Other photographic equipment accessories,
including editors and splicers"
507,"Projectors, movie"
508,"Projectors, slides"
509,Intercommunication devices
510,Telephone and telephone accessories
511,"Typewriters, electric and manual"
512,"TV and radio antennas, indoor"
513,Art supplies or equipment
514,Ceramics supplies or equipment
515,Printing presses (for home use)
516,"TV sets, console, black and white"
517,"TV sets, portable, color"
518,"TV sets, portable, black and white"
519,Television tables or stands
520,"Hi-fi and stereo components and equipment,
including amplifiers, remote speakers"
521,"Record-players, self-contained units"
522,Electric musical instruments
523,"Cameras, still picture and slide"
524,"Flash attachments for cameras, flash bulbs"
525,Movie light bar
526,"TV and radio antennas, outdoor"
527,Movie screens and stands
528,"TV sets, console, color"
529,"Telescopes, binoculars, microscopes or
magnifying glasses"
530,Phonograph records
531,Recording tapes
532,Glass bottle cutting equipment
533,Lapidary equipment
534,Film for all cameras
535,Hobby equipment for adults
536,"Photographic equipment (excluding chemicals
and projectors)"
537,"Typewriters, not otherwise specified"
538,"Phonographs/record players, not otherwise
specified"
539,"Projectors, not otherwise specified"
540,"Amateur/hobby two-way radios & equipment,
including antennas, transmitters"
541,"TV sets, black and white, not otherwise specified"
542,"TV sets, color, not otherwise specified"
543,"Calculators, cash registers or adding machines"
544,Color television sets
545,Amateur two-way radios
546,"Stereo or hi-fi components or accessories
(excluding self-contained units)"
547,"Sound recording, reproducing or receiving
equipment, not specified"
548,Nonelectric musical instruments
549,Projectors
550,Telephones or telephone accessories
551,Typewriters
552,"Antennas, not specified"
553,"Printing presses, photocopiers or duplicating
machines"
554,Black and white television sets
555,"Radios (self-contained units; excluding two-way
radios)"
556,Tape recorders or players (self-contained units)
557,Computers (equipment and electronic games)
558,Indoor antennas (separate)
559,"Radios, not specified"
560,"Musical instruments, not specified"
561,Outdoor antennas (separate)
562,Laser pointers
563,Record players (self-contained units)
564,"Art supplies or equipment (excluding ceramic
supplies and paint brushes)"
565,"Musical instruments, electric or battery operated"
566,"Musical instruments, not electric or not battery
operated or not specified"
567,Coaxial Cable
569,"Art and ceramic supplies or equipment (excl.
paintbrushes)"
570,Musical instruments
571,Business and office machines
572,Televisions
573,"Other sound recording, reproducing or receiving
equipment"
574,"Remote control, universal or not stated (excl.
remote controls for toys)"
575,Compact disks (CDs) and DVDs
576,Video players and recorders (excl. cameras)
600,Home furnishings and fixtures
601,Bedsprings or bedframes (excluding bunk beds)
602,"Chairs, upholstered"
603,"Tables, dining, dinette and not otherwise
specified"
604,"Desks, dressers, chests, bureaus, or buffets"
605,"Electrical wire or wiring systems (excluding circuit
breakers and interrupters)"
606,Generators or power plants
607,"Gas pipes, pipe fittings or distribution systems"
608,Plumbing pipes
609,Glass bathtub or shower enclosures
610,Nonglass bathtub or shower enclosures
611,"Bathtubs or showers (including fixtures or
accessories; excluding enclosures, faucets,
spigots and towel racks)"
612,"Runners, throw rugs or doormats (excluding
bathtub mats)"
613,"Room-sized, wall-to-wall or outdoor carpeting
(excluding runners)"
614,Sheets and pillow cases
615,Pillows
616,"Blankets, except electric and baby blankets"
617,"Draperies, curtains or shower curtains (fabric or
plastic)"
618,Stepladders (excluding step stools)
619,Straight ladders
620,Step stools
621,Appliance and extension cords
622,Gas meters (utility)
623,Butane or LP gas meters
624,Electric meters (utility)
625,"Gas lamps, installed"
626,"Lamps, table; floor lamps, desk lamps, electric"
627,Light bulbs (excluding Christmas tree light bulbs)
628,"Electric chandeliers, hanging lamps or other
attached light fixtures"
629,"Clocks, electric"
630,Medicine cabinets
631,Gun or ammunition cabinets or racks
632,"Cabinets, shelves and storage areas"
633,Sump pumps
634,"Furniture, not otherwise specified"
635,"Fabrics, not otherwise specified"
636,"Ladders or step stools, not otherwise specified"
637,"Meters, not otherwise specified"
638,"Window shades, venetian blinds or indoor
shutters"
639,Flashlights or battery-powered lanterns
640,Mirrors and mirror glass
641,"Glass parts or pieces of unknown or unspecified
origin"
642,"Bedding (including mattresses, box springs,
mattress covers and pads)"
643,"Beach chairs, folding furniture, multiple-use patio
furniture"
644,"Chairs, not upholstered or not otherwise specified"
645,Cocktail or coffee tables
646,End tables
647,"Couches, sofas, sofa beds, convertible sofas,
etc."
648,Sinks (excluding faucets)
649,Toilets
650,Slipcovers
651,Table linens
652,"Pictures, picture frames or wall decorations"
653,Artificial flowers or plants
654,"Knickknacks, statues, vases or urns"
655,Drapery or curtain rods
656,"Plastic parts or pieces of unknown or unspecified
origin"
657,Towel racks or bars
658,Bars and bar stools
659,"Inflatable furniture, all kinds except children's"
660,"Clocks, other than electric"
661,Bunk beds
662,Waterbeds or water pillows
663,Fireplace equipment
664,Bookshelves or room dividers/screens
665,"Footstools, ottomans or hassocks"
666,Towels or cloths
667,"Bedspreads, throws or comforters"
668,"Books, magazines, albums or scrapbooks"
669,Clothespins
670,"Chair, recliner"
671,"Chair, rocking"
672,Laundry hampers
673,Drapery or curtain hooks or rings
674,"Glass tables, all kinds, indoors and outdoors"
675,Glass shelves
676,"Rugs or carpets, not specified"
677,"Scales for adults (e.g., bathroom scales)"
678,"Filters, not otherwise specified"
679,"Sofas, couches, davenports, divans or studio
couches"
680,"Convertible beds, hideaway beds or sofa beds"
681,"Sofa, couch, not otherwise specified"
682,"Dining, dinette or kitchen tables"
683,"Tables, not otherwise specified"
684,Unattached appliance or lamp cords
685,Extension cords
686,"Lamp/light fixtures/lanterns, not otherwise
specified"
687,Benches (excluding work benches)
688,Extension ladders
689,"Blankets, not specified"
690,"Mattresses, not otherwise specified"
691,"Inflatable furniture, not otherwise specified"
692,Magazine racks or book ends
693,Footlockers
694,"Beds, not specified"
695,"Clocks, not otherwise specified"
696,"Ladders, not otherwise specified"
697,"Scales, not otherwise specified"
698,Hot tubs or home spas
700,"Home alarm, escape and protection devices"
701,Fire extinguishers
702,Fire or smoke alarms
703,"Fire escape devices, including chain ladders"
704,Burglar alarms
705,Circuit breakers or ground fault circuit interrupters
706,"Lightning rods or arresters, antenna discharge
units or other grounding devices"
707,"Padlocks, chain locks or other locks"
708,"Timers, light, portable"
709,Safes
710,Electric timers
711,Fire escape devices (excluding ladders)
712,Carbon monoxide detectors
713,Fire sprinklers
800,"Home workshop apparatus, tools and
attachments"
801,"Saws, power, not otherwise specified"
802,"Drills, power"
803,Power sanders
804,Power routers
805,Power lathes
806,"Grinders, power"
807,Power jointers
808,Power shapers
809,Other portable or stationary power tools
810,"Workshop manual tools or accessories (chisel,
file, vise, wire cutters, pliers)"
811,"Torches, soldering, cutting and welding, not
powered"
812,Electric welding equipment
813,Soldering guns and irons
814,"Hoists, lifts, jacks or jack stands"
815,Electrical testing equipment
816,Battery chargers
817,"Batteries, all kinds"
818,"Extension work lights and continuous use flood
lights"
819,Electric motors (separate)
820,Internal combustion engines (nonvehicular)
821,Automotive tools or accessories
822,Paint sprayers
823,Air compressors (separate)
824,"Saws, portable, reciprocating, electric"
825,"Power saws, stationary"
826,Power drill attachments
827,Hammers
828,Screwdrivers
829,Manual drills
830,Hand saws
831,Fuel-burning welding equipment
832,Portable circular power saws
833,Workshop compounds or chemicals
834,Heavy-duty workshop staplers
835,Toolboxes or tool kits (excluding tools)
836,Knives with replaceable blades
838,Wet cell battery chargers
839,Dry cell battery chargers
840,"Battery chargers, not specified"
841,Bench or table saws
842,Band saws
843,Radial arm saws
844,Power hack saws
845,"Saws, not specified"
846,"Chains, not otherwise specified"
847,"Drills, not specified"
848,"Welding equipment, not otherwise specified"
849,Wet cell batteries
850,Dry cell batteries
851,"Batteries, not specified"
852,"Rope or string (excluding mountain climbing or
jump ropes and kite strings)"
853,"Power-actuated tools (powered by loaded
cartridges)"
854,Workshop furnishings
855,Portable power drills and accessories
856,Stationary power drills and accessories
857,"Pliers, wire cutters or wrenches"
858,Reamers
860,"Chains, not specified"
861,Other chains (excluding tire chains)
862,Manual filing or sanding tools
863,Other power saws
864,Sabre saws
865,"Portable power workshop grinders, buffers or
polishers"
866,Electric soldering equipment
867,"Welding equipment, not specified"
868,Nonelectric soldering equipment
869,Glue guns
870,"Awls, chisels or planes"
871,"Power drills or accessories, not specified"
872,"Power saws, not specified"
873,"Stationary power workshop grinders, buffers or
polishers"
874,Cutting torches
875,Jigsaws
876,"Power workshop grinders, buffers or polishers,
not specified"
877,Trouble lights or extension work lights
878,Levels
879,Vises or workshop clamps
880,Drain snakes
881,Other manual workshop tools
882,Nail guns or stud drivers
883,Battery chargers/adapters
884,Batteries
885,"Chains, not elsewhere classified"
886,Stretch cords or stretch straps
887,"Painting equipment, powered (including sprayers,
rollers or brushes)"
888,"Sprayers, not elsewhere classified"
889,Batteries (motor vehicle)
890,"Torches, not specified"
891,"Batteries, not specified"
892,"Batteries, nonmotor vehicle"
893,"Tools, not specified"
894,Hacksaws
895,"Power saws, other or not specified"
896,Welding equipment
897,"Power workshop grinders, buffers or polishers"
898,"Manual workshop grinders, buffers or polishers"
900,Home and family maintenance products
901,"Cleaning agents and compounds (soap,
cleanser, laundry detergent)"
902,"Bleaches and dyes, not intended for cosmetic
use"
903,"Solvent based cleaning and sanitizing
compounds"
904,Floor waxes
905,Furniture polishes or waxes
906,Fumigants
907,"Paints, varnishes, shellacs, rust preventatives,
etc."
908,Paint or varnish thinners (excluding turpentine)
909,Adhesives (excluding tapes)
910,Gasoline
911,Kerosene
912,"Antifreeze, windshield wiper fluid"
913,Lubricants
914,Dry ice
915,Methyl alcohol
916,"Caustics, lye"
917,Charcoal
918,Pins and needles
919,Rope and string
920,Caulking or spackling compounds
921,"Chemicals, not elsewhere classified"
922,"Wallpaper cleaners and removers, including
steamers"
923,"Cleaning equipment, including brooms, mops,
brushes, cleaning pads, buckets, washtubs, etc."
924,Paint and varnish removers
925,"Paintbrushes or rollers, manual"
926,Photographic chemicals
927,Tapes (with adhesive surfaces)
928,Carbon tetrachloride
929,Drain cleaners
930,"Ammonia, household"
931,"Metal polishes, tarnish removers or preventatives"
932,Shoe polishes
934,Dishwasher detergents
935,Chemical deodorizers
936,"Acids (excluding drain cleaners and battery
acids)"
937,Rust removers
938,Swimming pool chemicals
939,"Automotive chemicals (including brake fluid, oil,
additives, not antifreeze or engine oil)"
940,Lighter fluids
941,Fuels for chafing dishes or fondue pots
942,Oven cleaners
943,Moth repellents
944,"Fuel storage tanks, gas cans"
945,Pine oil cleaning and disinfectant preparations
946,"Deodorizers, not otherwise specified"
947,"Detergents, not otherwise specified"
948,"Polishes, not otherwise specified"
949,Laundry soaps or detergents
950,"General household cleaners, including scouring
powders, cleaners, etc."
951,Toilet bowl products
952,"Fabric treatment products (excluding spot
removers, cleaning fluids, bleaches and dyes)"
953,Abrasive cleaners
954,"General purpose household cleaners (excluding
abrasives, ammonia, pine oil and toilet bowl
products)"
955,"Automotive chemicals (excluding antifreeze,
lubricants, waxes and windshield wiper fluids)"
956,Bleaches (noncosmetic)
957,Dyes (noncosmetic)
958,Other polishes
959,"Polishes, not specified"
960,"Paints, varnishes or shellacs"
961,Rust preventatives
962,Diesel fuels
963,Kerosene
964,Lamp oils
965,"Fuel oils, not specified"
966,Antifreeze
967,Windshield wiper fluids
968,Caustics (excluding lye)
969,Lye
970,Wallpaper cleaners (chemical)
971,Wallpaper steamers
972,"Paint or varnish removers, paintbrush cleaners
(excluding turpentine)"
973,Liquid room deodorizers or fresheners
974,Solid room deodorizers or fresheners
975,"Room deodorizers or fresheners, not specified"
976,"Detergents, not specified"
977,Spot removers or cleaning fluids
978,"Automotive waxes, polishes or cleaners"
979,Dishwashing liquid
980,"Fuel storage tanks (excluding propane, LP and
butane tanks)"
981,Gasoline cans
982,School laboratory chemicals
983,Soaps (excluding laundry soaps or detergents)
984,"Solvents, other or not specified"
1000,Farm supplies and equipment
1001,Electric fences
1002,Home pasteurizers
1003,Cream separators
1004,Farm tractors
1005,Power take-offs
1006,Farm tillage equipment (excluding tractors)
1007,Harvesting tools
1008,"Grain/forage handling equipment, hay rack, hay
conditioner, mower, silo unloader,
windrower/crusher, forage harvester, cotton
picker, cotton stripper, hay baler"
1009,Combines or threshing machines
1010,Corn pickers or pickers/shellers
1011,Farm elevators or conveyors
1012,Farm wagons
1013,"Agricultural chemicals including fertilizers,
anhydrous ammonia, potash, nitrates,
phosphates, chlorine"
1014,Farm sprayers
1015,Irrigation equipment
1016,"Feed grinders, mixers or blenders"
1017,Milking machines
1018,"Tow chains, cables or heavy-duty chains"
1019,Post-hole augers
1020,Hay balers
1021,Farm mowers
1022,"Tillage equipment, not specified"
1023,"Fertilizers, not specified"
1024,Corn planters
1025,Endgate seeders
1026,Other crop processing equipment
1027,Crop dryer
1028,Grain cleaner
1029,"Hay conditoners, crimpers and crushers"
1030,Forage harvesters
1031,Tobacco stringers
1032,Tobacco harvesters
1034,Forage blowers
1035,Silo unloaders
1036,Manure spreaders
1037,Pump jacks
1038,Post-hole drivers
1039,Fertilizer distributors (granular)
1040,Rakes (farm machinery)
1041,"Seeders, planters, not otherwise specified"
1042,Windrowers or swathers
1043,Crop choppers
1044,Fork lifts or lift trucks
1045,Cotton pickers and strippers
1046,Cherry pickers (shakers)
1047,"Pickers, not otherwise specified"
1048,"Sowing/planting equipment, not otherwise
specified"
1049,"Crop processing equipment, not otherwise
specified"
1050,"Harvesting equipment, not otherwise specified"
1051,"Farm materials handling equipment, not
otherwise specified"
1052,Stanchions
1053,"Fertilizers and other chemicals for outdoor use
(excluding pesticides)"
1054,Other planting equipment
1055,Hay processing equipment
1056,"Tobacco stringers, harvesters or sleds"
1057,Crop pickers
1058,Corn planters or grain drills
1059,"Silo loaders and unloaders; screw or sweep
augers"
1060,"Planting equipment, not specified"
1061,"Crop processing equipment, not specified"
1100,Packaging and containers for household products
1101,"Pressurized containers, aerosol containers"
1102,Vacuum containers
1103,"Self-contained openers (e.g., zip-top or pull-top
cans)"
1104,Resealable closures
1105,Child-resistant closures
1106,"Glass bottles/jars, not soft drink"
1107,"Other containers (excluding vacuum or
pressurized containers)"
1108,"Plastic wrapping products, including plastic trash,
clothes and garden bags"
1109,"Paper wrapping products, including paper trash,
clothes and garden bags"
1110,Glass soft drink bottles
1111,"Containers, plastic (e.g., bottles, bowls, etc.)"
1112,"Metal containers (excluding aerosols, trash and
gasoline cans)"
1113,Oven cooking/roasting bags
1114,Cardboard products
1115,Aluminum foil wrapping products
1116,Containers with key openers
1117,"Bags, not otherwise specified"
1118,"Glass bottles and jars, not pressurized and not
including soft drink bottles"
1119,"Glass bottles and jars, except soft drink bottles,
not otherwise specified"
1120,Glass soft drink bottles
1121,"Glass bottles and jars, not otherwise specified"
1122,Glass alcoholic beverage bottles
1123,"Plastic containers (rigid or semi-rigid, excluding
bottles and jars)"
1124,Glass tubing or test tubes
1125,Wooden containers
1126,"Bags, not specified"
1128,Paper bags
1129,Other bags
1130,Plastic bags
1131,"Plastic wrapping products (excluding plastic
bags)"
1132,"Plastic products, not specified"
1133,Aerosol containers
1134,Other glass bottles or jars
1135,"Bottles or jars, not specified"
1136,Canning jars
1137,"Paper products (excluding bags, cups, straws
and cardboard products)"
1138,"Pressurized containers (nonaerosol; excluding
alcoholic beverage or soft drink bottles and cans)"
1139,Aluminum foil wrapping products
1140,"Glass bottles or jars, not specified"
1141,"Containers, not specified"
1142,Bags (excluding paper or plastic bags)
1143,Buckets or pails
1144,"Bags, not elsewhere classified"
1145,Other specified plastic products
1200,"Sports and recreational activity, not elsewhere
classified"
1201,"Playground equipment, not elsewhere specified"
1202,Bicycles or accessories
1203,"Boats, motors and accessories for recreational
use only. Includes sailboats, rowboats, motor
boats, etc."
1204,"Baseball (activity, apparel or equipment)"
1205,"Basketball (activity, apparel or equipment)"
1206,"Bowling (activity, apparel or equipment)"
1207,"Boxing (activity, apparel or equipment)"
1208,"Croquet (activity, apparel or equipment)"
1209,"Exercise equipment including exercise bikes,
weights, boards, rollers, etc."
1210,"Fishing equipment, poles, lines, lures, hooks,
fishing knives, scalers, nets, tackle boxes,
weighters"
1211,"Football (activity, apparel or equipment)"
1212,"Golf (activity, apparel or equipment)"
1213,Golf carts
1214,"Hockey equipment, including apparel and
protective gear and all equipment"
1215,"Lacrosse (activity, apparel or equipment)"
1216,"Snow skiing and associated equipment, skis,
poles, boots, etc."
1217,Sleds
1218,Snowmobiles
1219,"Tennis and badminton equipment, including nets,
standards, rackets, tennis balls, ""shuttle cocks,""
etc."
1220,"Swimming and water sports equipment, including
life preservers, snorkeling equipment"
1221,Headgear/helmets
1222,"Beach equipment, including umbrellas, mats, etc."
1223,"Stationary outdoor grills, kerosene"
1224,Portable gasoline cooking stoves/grills
1225,Portable gasoline heating equipment (catalytic)
1226,"Gasoline, kerosene and propane lanterns and
lamps"
1227,Battery powered cooking devices
1228,"Picnic equipment, including picnic baskets,
coolers, etc."
1229,"Camping equipment, tents, tent stakes, cots,
camp mattresses, adult sleeping bags,
hammocks, etc."
1230,Camping trailers
1231,"Swimming pools and associated equipment, not
including above ground pools. Equipment
includes filters, etc."
1232,Electric charcoal lighters
1233,Trampolines
1234,Treehouses or playhouses
1235,"Archery (activity, apparel or equipment)"
1236,Unlicensed motor scooters and go-carts
1237,"Gas, air or spring-operated guns (including BB
guns)"
1238,"Specialized clothing for camping or sports, not
elsewhere classified"
1239,"Horseback riding (activity, apparel or equipment)"
1240,Aquariums or accessories
1241,Swings/swing sets
1242,"Slides or sliding boards (excluding swimming
pool slides)"
1243,Seesaws or teeterboards
1244,"Monkey bars, playground gyms or other
playground climbing apparatus"
1245,Ice skates
1246,Wading pools
1247,Fuel charcoal lighters
1248,"Darts (activity, apparel or equipment)"
1249,"Stationary built-in grills, charcoal"
1250,"Stationary built-in grills, gas"
1251,"Portable grills, kerosene"
1252,"Portable grills, charcoal hibachi"
1253,"Portable grills, gas (LP)"
1254,"Portable stoves, kerosene"
1255,Alcohol-fueled heaters
1256,Portable gas (LP) heating equipment
1257,"Horseshoes (activity, apparel or equipment)"
1258,"Mountain climbing (activity, apparel or
equipment)"
1259,"Outdoor grills, not otherwise specified"
1260,"Billiards or pool (activity, apparel or equipment)"
1261,"Surfing (activity, apparel or equipment)"
1262,"Swimming pools, above ground; all associated
equipment"
1263,Minibikes
1264,"Water skiing (activity, apparel or equipment)"
1265,"Sports ball, not otherwise specified"
1266,"Volleyball (activity, apparel or equipment)"
1267,"Soccer (activity, apparel or equipment)"
1268,"Track and field (activity, apparel or equipment)"
1269,"Table tennis (activity, apparel or equipment)"
1270,"Wrestling (activity, apparel or equipment)"
1271,Batons
1272,"Gymnastics (activity, apparel or equipment;
excluding trampolines)"
1273,Toboggans
1274,Snow disks
1275,"Scuba diving (activity, apparel or equipment)"
1276,"Tetherball (activity, apparel or equipment)"
1277,Swimming pool slides
1278,Diving or diving boards
1279,"Ice hockey (activity, apparel or equipment)"
1280,"Grills, electric, stationary, built-in"
1281,"Grills, portable, electric"
1282,"Handball (activity, apparel or equipment)"
1283,Unicycles
1284,"Swimming pools, not specified"
1285,"Charcoal lighters, not specified"
1286,"Guns, not otherwise specified"
1287,"Heating equipment, portable, not otherwise
specified"
1288,"Sleeping bags, not otherwise specified"
1289,"Swings, not otherwise specified"
1290,"Snowmobiles (activity, apparel or equipment)"
1291,"Tennis, badminton and squash, activity and
equipment, etc."
1292,"Sky diving (activity, apparel or equipment)"
1293,Amusement attractions (including rides)
1294,Bleachers
1295,"Field hockey (activity, apparel or equipment)"
1296,"Hockey, not otherwise specified"
1297,"Hang gliding or sky sailing (activity, apparel or
equipment)"
1298,Ski jacks
1300,Toys
1301,Tricycles (children's)
1302,Nonmechanical dolls and toy animals
1303,Mechanical dolls and toy animals
1304,"Windup or battery-operated toys (excluding dolls
and toy animals)"
1305,"Toy cars and trucks and non-flying airplanes,
boats, not including models"
1306,Gasoline- or other fuel-powered models
1307,Electric games
1308,"Skates, roller"
1309,Kites or kite string
1310,Pogo sticks
1311,Toy guns/other toy weapons without projectiles
1312,Toy guns/other toy weapons with projectiles
1313,Fireworks
1314,Rocketry sets
1315,Chemistry sets
1316,Science kits and toys
1317,"Flying toys (excluding kites, rockets and gasoline-
or other fuel-powered models)"
1318,Unpowered models or parts
1319,Metal or plastic molding sets
1320,"Games, other than electric, game parts"
1321,Toy home equipment
1322,"Children's play tents, play tunnels or other
enclosures"
1323,Puzzles
1324,"Toy balls, only balls designed for use by children"
1325,Inflatable toys (excluding balls & balloons)
1326,"Blocks, stacking toys or pull toys"
1327,"Nonwheeled riding toys, unpowered (e.g., rocking
or bouncing horses, etc.)"
1328,Wagons (children's)
1329,"Scooters, unpowered"
1330,Powered riding toys
1331,"Other riding toys, not powered"
1332,Electric trains or accessories
1333,Skateboards
1334,Electric toy ovens
1335,Electric toy irons
1336,Toy tools
1337,Toy medical equipment
1338,Toy bows or arrows
1339,Doll houses and doll furniture
1340,"Doll carriages, strollers, cribs, etc."
1341,"Juvenile sports equipment (e.g., toy baseball
bats, gloves, foot-balls, kicking tees, etc.)"
1342,Costumes or masks
1343,"Toy make-up kits, children's mirrors, cosmetics"
1344,Toy musical instruments
1345,Building sets
1346,Clacker balls
1347,Balloons (toy)
1348,"Caps and cap toys (guns, rifles, rockets,
cannons)"
1349,Stilts
1350,Squeeze or squeaker toys
1351,Crayons and children's paint sets
1352,Slingshots or sling-propelled toys
1353,Toy boxes or chests
1354,Marbles
1355,Toy dishes or teasets
1356,Engine fuels for models
1357,Mechanical drawing toys
1358,Children's blackboards and easels
1359,Toy jewelry
1360,"Children's sleeping bags designed only for
children"
1361,"Toy garages, soldiers, farmyards or similar
miniature sets"
1362,Woodburning kits
1363,Whistles
1364,Doll clothes or accessories
1365,"Water toys (excluding squeeze or squeaker toys
and inner tubes or similar flotation equipment)"
1366,Children's books
1367,Toy banks
1368,Tracks for nonelectric toy cars or trains
1369,"Children's furniture, not otherwise specified"
1370,"Flotation toys (e.g., inner tubes, life rings, etc.)"
1371,Inflatable furniture designed for use by children
1372,Toy sand pails or buckets
1373,Jewelry or beading kits
1374,Toy music boxes and chime toys
1375,Sewing/embroidery kits for children
1376,Molding compounds
1377,Tops or spinning toys
1378,"Children's hair setting supplies, curlers, clips, etc."
1379,Children's toy phonographs
1380,Children's toy typewriters
1381,"Toys, not elsewhere classified"
1382,"Crayons, children's paint sets and chalk"
1383,Electric toy racing cars or accessories
1384,Other toys
1385,Other toy home equipment or appliances
1386,"Other toy vehicles (excluding models, windup or
battery-operated toys and riding toys)"
1387,Caps or cap toys (excluding guns)
1388,Toy cap guns
1389,Other toy weapons (nonprojectile)
1390,"Toy guns, not specified"
1391,Doll furniture or dollhouses
1392,Toy sports equipment
1393,Chemistry sets or science kits
1394,"Dolls, plush toys, and action figures"
1395,"Toys, not specified"
1397,"Toy home equipment or appliances, not specified"
1398,"Wheeled riding toys, unpowered (excluding
bicycles and tricycles)"
1400,Yard and garden equipment
1401,"Power lawn mowers, not specified"
1402,Manual push mowers (unpowered)
1403,Other unpowered garden tools
1404,Power lawn trimmers or edgers
1405,Garden tractors
1406,Snow throwers/blowers
1407,Garden sprayers
1408,Power tillers or cultivators (not farm equipment)
1409,Other power garden tools
1410,"Outdoor lighting equipment, electric"
1411,Chain saws
1412,Pumps
1413,"Greenhouse or gardening supplies (excluding
plant stands, tools, hoses, sprayers and
chemicals)"
1414,"Garden hoses, nozzles or sprinklers"
1415,Manual snow or ice removal tools
1416,"Insect traps and insect vaporizers, electrically
operated"
1417,Decorative yard equipment
1418,"Power mower, rotary, gasoline"
1419,"Power mower, rotary, electric"
1420,"Power mower, reel, gasoline"
1421,"Power mower, reel, electric"
1422,Riding power lawn mowers
1423,Manual edger
1424,Manual pruning and trimming equipment
1425,Wheelbarrows or lawn carts
1426,Hatchets or axes
1427,Power hedge trimmers
1428,"Patio lights/torches, fuel burning"
1429,"Plant food, fertilizer"
1430,Seed and fertilizer spreaders
1431,"Grass and leaf catchers (attachments for lawn
mowers)"
1432,Animal traps
1433,Power leaf mulchers and grinders
1434,"Snow throwers or blowers (attachments for lawn
mowers)"
1435,Snow plows
1436,"Power mower, riding, battery powered"
1437,"Power mower, riding, gasoline"
1438,"Pruning or trimming equipment, not otherwise
specified"
1439,"Lawn mowers, not specified"
1440,"Insect traps, not otherwise specified"
1441,Lawn vacuums
1442,Manually-operated pumps
1443,Powered pumps
1444,"Pumps, not specified"
1445,Plant foods or fertilizers for potted plants
1446,Reel power lawn mowers (walk-behind)
1447,"Pruning or trimming equipment, not specified"
1448,Rotary power lawn mowers (walk-behind)
1449,Manual hedge trimmers
1450,Manual lawn trimmers or edgers
1451,Seeds
1452,Outdoor electric lighting equipment
1453,Other manual pruning or trimming equipment
1454,Other power pruning or trimming equipment
1455,"Manual pruning or trimming equipment, not
specified"
1456,"Power pruning or trimming equipment, not
specified"
1457,Log splitters
1458,Snow throwers or blowers (self-contained units)
1459,"Snow throwers or blowers, not specified"
1461,Leaf blowers
1462,"Pumps, not elsewhere classified"
1463,"Brushcutters, powered"
1464,"Lawn trimmers or edgers, powered (excluding
brushcutters)"
1465,"Decorative yard equipment, excluding water
features"
1466,"Decorative water features, including man-made
ponds and fountains"
1500,Child nursery equipment and supplies
1501,High chairs
1502,Baby changing tables
1503,"Infant seats, carriers and accessories"
1504,"Cribs, including springs"
1505,Baby carriages
1506,Baby gates or barriers
1507,"Baby blankets, sheets, pads, pillows, mattress
covers and other baby bedding equipment"
1508,Baby walkers or jumpers
1509,Baby bottles or nipples
1510,Bottle warmers
1511,Sterilizers (home use)
1512,Diapers
1513,Playpens and play yards
1514,Baby baths
1515,Baby scales
1516,Other nursery furniture and equipment
1517,Baby rattles
1518,Youth chairs
1519,Car seats (for infants or children)
1520,Baby exercisers
1521,Baby swings
1522,Baby strollers
1523,Diaper pins and fasteners
1524,Baby harnesses
1525,Pacifiers or teething rings
1526,Crib mobiles or crib gyms
1527,Baby carriers or slings (backpacks)
1528,Diaper pails
1529,Portable cribs
1530,Bathinettes
1531,Baby carriers (bicycle-mounted)
1532,Nursery lamps
1533,Night-lights
1534,Car beds (for infants)
1535,Potty chairs or training seats (for children)
1536,Crib extender rails or youth bed rails
1537,Bassinets or cradles
1538,"Crib mattresses, playpen pads, crib bumper
pads, carriage mattresses, etc."
1539,Shoelace fasteners (for infants)
1540,Folding high chairs
1541,"High chairs, not otherwise specified"
1542,Baby mattresses or pads
1543,"Cribs, nonportable"
1544,Baby baths or bathinettes
1545,"Cribs, not specified"
1546,Other high chairs
1547,"High chairs, not specified"
1548,"Baby carriers, not specified"
1549,Other baby carriers
1550,"Infant and toddler play centers (excluding
jumpers, bouncers, and exercisers"
1551,Diaper fasteners (excluding safety pins)
1553,Portable baby swings (for home use)
1554,Safety pins
1555,High chairs
1556,Attachable high chairs (including booster seats)
1557,Baby bathtub seats or rings (not toys)
1558,Baby bouncer seats (excl jumpers)
1597,"Non-poisoning death of victim under age 5 where
no product is identified (for IPII and DTHS only)"
1598,Overlay deaths (for IPII and DTHS only)
1600,Personal use items
1601,"Razors and shavers, razor blades"
1602,Hair dryers
1603,"Hair curlers, hair pins, clips, etc."
1604,Cigarette or pipe lighters
1605,"Wigs, falls or hairpieces"
1606,"Eyeglasses (excluding sunglasses and contact
lenses)"
1607,Eye protection devices
1608,Electric toothbrushes or oral irrigators
1609,Sun lamps
1610,"Massage devices or vibrators (excluding shower
attachments)"
1611,Electric manicure devices
1612,Saunas
1613,Electric shoe polishers
1614,"Clothing (two or more classes ... not otherwise
specified)"
1615,Footwear
1616,Jewelry (excluding watches)
1617,Ear protection devices
1618,Respiratory protection devices
1619,Personal protection devices
1620,Hearing aids
1621,"Umbrellas, personal use"
1622,Watches
1623,Luggage (excluding foot lockers)
1624,Contact lenses
1625,Lighted make-up mirrors
1626,"Pens, pencils and other desk supplies, paper
clips, rulers, yardsticks, erasers, rubber bands,
etc."
1627,Electric hair curlers with steam
1628,Electric hair curlers without steam
1629,Nonelectric toothbrushes
1630,Paper money or coins
1631,Grocery or shopping carts; luggage carriers
1632,"Sewing basket articles, thimbles, markers,
thread, spools, seam rippers, etc."
1633,Hygiene personal use items
1634,Heat or infrared lamps
1635,Dentures or false teeth
1636,Orthodontic braces
1637,Electric combs
1638,"Combs or hairbrushes, unpowered"
1639,"Hair accessories, bands, barrettes, decorative
clips, etc."
1640,"Toothbrush, not powered"
1641,Clothes brushes
1642,"Manicure sets, not electric"
1643,"Keys, key rings or key chains"
1644,Nightwear
1645,Day wear
1646,Outerwear
1647,Clothing accessories
1648,Pens
1649,Wooden pencils (excluding eyebrow pencils)
1650,Desk supplies (excluding pens and pencils)
1651,"Combs, not specified"
1652,Pins and needles
1653,"Hair curlers, pins, clips, etc., not otherwise
specified"
1654,Paper cutters
1656,"Pencils, not specified"
1657,"Hair curlers, curling irons, electric, not otherwise
specified"
1658,"Clothing, not specified"
1659,"Manicure, pedicure, and make-up brushes and
tools (excluding cosmetics)"
1660,Umbrellas
1661,Nonelectric razors or shavers
1662,"Hair grooming equipment or accessories, not
specified"
1663,"Electric hair curlers, not specified"
1664,Electric razors or shavers
1665,Curling irons
1666,"Teeth cleaning devices, not specified"
1667,"Razors or shavers, not specified"
1668,"Nonelectric hair curlers, clips or hairpins"
1669,"Pins and needles (excluding safety pins and
knitting needles)"
1670,"Nonelectric hair clippers or trimmers (excluding
scissors and shavers)"
1671,"Sewing basket articles (excluding scissors, pins,
needles and sewing machine accessories)"
1672,"Hair clippers or trimmers, not specified"
1673,"Electric hair clippers or trimmers (excluding
scissors and shavers)"
1674,Hard contact lenses
1675,Soft contact lenses
1676,"Contact lenses, not specified"
1677,Other clothing
1678,Bath or facial cleansing brushes
1679,Grocery or shopping carts
1680,"Dollies, handtrucks or luggage carriers"
1681,Suntan booths
1682,"Hair curlers, curling irons, clips & hairpins"
1683,Hair clippers and trimmers
1684,"Carts, other or not specified"
1685,Pens and pencils
1686,Coins
1687,"Lighters, not specified"
1688,Fuel multi-purpose lighters (incl. micro torches)
1689,Electric multi-purpose lighters
1690,"Multi-purpose lighters, not specified"
1700,Miscellaneous products
1701,Artificial Christmas trees
1702,"Pocketknives, gravity knives or switchblade
knives"
1703,Mobile homes and related equipment
1704,Matches
1705,Ashtrays
1706,"Crutches, canes or walkers"
1707,Wheelchairs
1708,Special beds or orthopedic beds
1709,Other special equipment for injured or aged
1710,First aid equipment (excluding medications)
1711,Christmas tree lights
1712,Christmas tree stands or supports
1713,Christmas tree ornaments and other decorations
1714,"Seasonal decorations (excluding Christmas
decorations)"
1715,Pet supplies (excluding foods and medicines)
1716,Hypodermic needles or syringes
1717,Orthopedic braces
1718,Flares
1719,Lunch boxes or pails
1720,Party favors
1721,"Adult games and novelty items including pinball
machines"
1722,Pocketknives
1723,Switchblade and gravity knives
1724,Lasers
1725,Cathode-ray tubes
1726,Lockers
1727,Traffic control devices
1728,Matchbooks
1729,Christmas decorations (nonelectric)
1730,Wooden matches
1731,"Matches, not specified"
1732,Tombstones or grave markers
1733,"Vending machines (excluding car washing
machines)"
1734,Music boxes or chimes
1735,Coin-operated car washing equipment
1736,"Electric Christmas decorations (excluding
Christmas tree lights)"
1737,Houseplants
1738,"Public equipment, not elsewhere classified
(including conveyor belts, signs)"
1739,"Ashtrays, electric or battery operated"
1740,"Ashtrays, not electric or not battery operated or
not specified"
1741,Tarpaulins
1742,Heating or cooling comfort packs (nonelectric)
1743,"Thermometers, medical"
1800,Home structures and construction materials
1801,"Stairs, ramps and landings, indoors and outdoors"
1802,"Fireplaces, individually built"
1803,Thermal or sound insulation materials
1804,Siding materials
1805,"Other doors, including swinging doors, panel
doors, hatches, trap doors, etc."
1806,Roofs and roofing materials
1807,Floors or flooring materials
1808,Outdoor awnings or shutters
1809,Patio or porch covers
1810,"Outside structures, including exterior walls,
patios, terraces"
1811,Bricks or concrete blocks (not part of structure)
1812,"Gutters, drainpipes, downspouts or run-off pipes"
1813,"Metal parts or pieces of unknown or unspecified
origin"
1814,"Elevators or other lifts (excluding farm elevators,
forklifts and automotive lifts)"
1815,"Windows and window glass, other than storm
windows"
1816,Scaffolding
1817,"Porches, balconies, open-side floors or floor
openings"
1818,"Cisterns, cesspools or septic tanks"
1819,"Nails, screws, carpet tacks or thumbtacks ->
Nails, screws, tacks or bolts"
1820,Cabinet or door hardware
1821,"Clotheslines or clothes drying racks (excluding
poles)"
1822,Garage doors
1823,Storm doors with glass panels
1824,Fixed glass panels
1825,Sliding glass doors or panels
1826,Storm windows
1827,Screen doors
1828,Window screens
1829,"Handrails, railings or banisters"
1830,Separate garages or tool sheds
1831,"Windowsills, doorsills, door frames, window
frames"
1832,Nonelectrical wire
1833,"Construction materials, not elsewhere classified"
1834,"Nonelectric outdoor fences (excluding chain link
fences)"
1835,Jalousie glass doors
1836,Jalousie glass windows
1837,"Glass doors, not otherwise specified"
1838,"Lumber, boards or paneling pieces (not part of
structure)"
1839,"Plaster pieces or chips of unknown or unspecified
origin"
1840,Pull-down or folding stairs
1841,Mobile/manufactured homes
1842,"Stairs or steps (excluding pull-down and folding
stairs)"
1843,Ramps or landings
1844,"Doors, folding"
1845,Panel doors (flush or slab)
1846,"Doors, swinging"
1847,"Doors, track, sliding"
1848,"Doors, trap"
1849,"Doors, not specified"
1850,"Doors, with glass panels, not storm doors"
1851,"Fences, not specified"
1852,"Home structures, not otherwise specified"
1853,Interior walls or panels
1854,Plastic panels for doors or windows
1855,"Plastic products, not elsewhere classified"
1856,Nonelectric chain link fences
1857,Artificial turf
1858,Storm doors without glass panels
1859,"Storm doors, not otherwise specified"
1860,Ceilings
1861,"Walls, not specified"
1862,Countertops
1863,Wallpaper
1864,Counters or countertops (excluding bars)
1865,"Poles (excluding fence posts, fishing, pole vaults
and play-ground equipment)"
1866,General home or room involvement in fires
1867,Fixed floor-length glass panels
1868,"Roofs or roofing materials (excluding patio or
porch covers or tar preparations)"
1869,Garage doors with glass
1870,Windowsills or frames
1871,Fences or fence posts
1872,Tar preparations
1873,"Windows or window glass, not specified"
1874,Exterior walls
1875,Other windows or window glass
1876,"House repair or construction materials, not
elsewhere classified"
1877,"Garage doors, not specified"
1878,Doorsills or frames
1879,Other nonglass doors (nongarage)
1880,"Nonglass doors (nongarage), not specified"
1881,Garage doors without glass
1882,Other glass doors
1883,"Glass doors, not specified"
1884,"Ceilings and walls (interior part of completed
structure)"
1885,Wood paneling and particleboard
1886,"Garage doors (excluding automatic garage doors
or door  openers)"
1887,Tool sheds
1888,Window or door security barriers
1889,"Elevators or other lifts (excl. escalators, hoists,
jacks, forklifts and automotive lifts)"
1890,Escalators
1891,Moving walks
1892,Glass doors or doors with glass panels
1893,"Doors, other or not specified"
1894,"Windows and window glass, other than storm
windows"
1895,Tree stands (hunting)
1897,Drywall in a completed structure
1898,Gas fumes or gas vapors of unknown origin
1899,"Carbon monoxide poisonings (when source is
unknown)"
1900,Products covered by existing regulations
1901,"Motor vehicles or parts (licensed; four or more
wheels)"
1902,Trains
1903,Alcohol (beverage)
1904,Foods
1905,"Firearms, gunpowder or ammunition"
1906,Aircraft
1907,Commercial ships
1908,"Pesticides, including insecticides, herbicides,
fungicides, rodenticides, rat poison, ant poison,
bug spray"
1909,"Cigarettes, cigars, pipes or tobacco"
1910,"Licensed two-wheeled motor vehicles (excluding
mopeds and trail bikes)"
1911,"Drugs and medications, prescription"
1912,"Drugs and medications, nonprescription"
1913,"Cosmetics, including facial and eye make-up,
deodorants, hair preparations, nail polish and
removers, bath oils, skin creams and lotions, etc."
1915,Liniments or rubbing compounds
1916,Preparations containing iron salts
1917,Other nonprescription drugs and medications
1918,"Alcohol, not otherwise specified"
1919,Gunpowder or ammunition
1920,Tablet or capsule prescription drugs
1921,Liquid prescription drugs
1922,Other prescription drugs
1923,Aspirin or aspirin compounds
1924,"Prescription drugs, not otherwise specified"
1925,"Drugs, not specified"
1926,Pesticides
1927,"Liquid drugs (excluding aspirin, aspirin
substitutes, iron preparations and antihistamines)"
1928,Antihistamines
1929,"Drugs or medications, not specified"
1930,Aspirin substitutes
1931,"Tablet or capsule drugs (excluding aspirin, aspirin
substitutes, iron preparations and antihistamines)"
1932,Other drugs or medications
1933,Foods (excluding hot water)
1934,Hot water
1935,"Gun powder or ammunition (excluding BBs and
pellets)"
1936,BBs or pellets
1937,"Air bags, deployed"
1939,"Illegal drugs (incl. cocaine, crack, heroin,
marijuana, PCP, and hallucinogens"
2000,"No product, injury only"
2001,Animal induced injury
2002,"Plants, trees and shrubs (living)"
2003,Insect induced injuries
2100,Nonaccidental trauma
2200,Industrial equipment
2288,"No product involvement (occupational injuries
 only)"
2400,"Medical equipment, general"
2401,Radiographic equipment
2402,Fluoroscopic equipment
2403,Therapeutic equipment
2404,Germicidal lamps
2405,"Diathermy equipment (shortwave, microwave,
ultrasonic)"
2406,"Bracing or supporting devices (excluding
orthodontic and orthopedic braces, crutches,
cranes or walkers)"
2407,Baths (medical equipment)
2408,Catheters
2409,"Contraceptive devices, including IUD's"
2415,Dental pads or reliners
2420,Earpiercing devices
2423,"Heart valves, artificial"
2425,Traction equipment (home use)
2429,Invitro diagnostic kits
2430,Kidney dialysis machines
2431,Intraocular devices
2435,Oxygen administration apparatus
2437,"Pacemakers, cardiac"
2439,"Stimulators, electrical (excluding cardiac
pacemakers)"
2440,"Support garments and stockings, medical"
2443,"Sterilizers, medical"
2447,"Radiation therapy equipment (excluding lamps or
diathermy)"
2448,Ostomy appliances
2450,"Anesthesiological devices, not elsewhere
classified"
2452,"Cardiovascular devices, not elsewhere classified"
2454,"Dental devices, not elsewhere classified"
2456,"Ear, nose and throat devices, not elsewhere
classified"
2458,"Gastroenterological or urological devices, not
elsewhere classified"
2460,"General or plastic surgery devices, not elsewhere
classified"
2462,Other hospital or personal use medical devices
2464,"Neurological devices, not elsewhere classified"
2468,"Ophthalmic devices, not elsewhere classified"
2470,"Physiatric devices, not elsewhere classified"
2472,"Radiological devices, not elsewhere classified"
2473,Air purifiers
2474,Artificial limbs
2475,"Atomizing devices (e.g., throat or asthma sprays,
excluding vaporizers"
2476,"Monitoring systems, medical"
2477,"Gloves, medical"
2479,Other prosthetic devices
2480,"Respiratory devices, not elsewhere classified."
2500,Antiperspirants or deodorants (underarm)
2510,"Bath products (excluding body powders, bubble
baths and soaps)"
2511,Bubble baths
2520,Depilatories or hair removers
2530,Eye make-up preparations
2531,Eye mascaras
2532,Eyeliners
2533,Other eye make-up preparations
2534,"Eye make-up preparations, not specified"
2540,"Face care preparations (excluding powders,
make-up and hormone creams)"
2541,Face hormone creams
2550,Fragrance preparations (excluding powders)
2560,Hand and body creams or lotions
2570,Hair coloring preparations
2571,Hair coloring shampoos
2572,Hair dye (permanent dark tones)
2573,"Hair lighteners with color (permanent blond
tones)"
2574,"Hair coloring preparations, not specified"
2575,Other hair coloring preparations
2580,"Hair grooming preparations (excluding colorants,
shampoos, sprays, waving preparations and
straighteners)"
2590,Noncoloring hair shampoos
2600,Hair sprays
2610,Hair waving preparations or straighteners
2620,Make-up preparations
2621,Make-up preparations (excluding eye make-up)
2630,Nail preparations (excluding nail hardeners)
2631,Nail hardeners
2640,Oral hygiene products
2650,Genital area products
2660,Powder preparations (excluding make-up)
2670,"Shaving preparations (excluding after shave
creams, lotions, colognes and talcs)"
2680,"Soaps (excluding bubble bath products, laundry
soaps and shaving preparations)"
2690,Suntan or sunscreen preparations
3200,"Water tubing (activity, apparel or equipment)"
3201,"Nun chukka sticks, kung fu, activity and related
equipment"
3202,"Pedal-powered adult vehicles (three or more
wheels)"
3203,"Skeet shooting (activity, apparel or equipment;
excluding guns and ammunition)"
3204,"Motor scooters, minibikes and other such
vehicles (2 or 3 wheels)"
3205,"Go-carts, all terrain vehicles and other such
vehicles (4 or more wheels)"
3206,"Grills, charcoal, not otherwise specified"
3207,"Grills, gas, not otherwise specified"
3208,"Grills, kerosene, not otherwise specified"
3209,Catalytic heater (LP or gasoline)
3210,"Knives, hunting"
3211,Water slides
3212,Hunting or fishing knives
3213,"All terrain vehicles (exclusively off-road; three or
more wheels)"
3214,"Camping equipment (excluding trailers, lighting
equipment, sleeping bags, coolers, stoves and
heaters)"
3215,Mopeds or power-assisted cycles
3216,"Roller skating (activity, apparel or equipment)"
3217,"Skating (activity, apparel or equipment) not
specified"
3218,Charcoal or wood-burning grills
3219,Other playground equipment
3220,"Volleyball (activity, apparel or equipment), not
specified"
3222,"Badminton (activity, apparel or equipment)"
3223,"Fishing (activity, apparel or equipment; excluding
fishing knives)"
3224,Other guns or firearms
3225,"Organized soccer (activity, apparel or equipment)"
3226,"Basketball (activity, apparel or equipment), not
specified"
3227,"Informal football (activity, apparel or equipment)"
3228,"Organized baseball (activity, apparel or
equipment)"
3229,Electric grills
3230,Kerosene grills or stoves
3231,"Gymnastics (activity, apparel or equipment), not
specified"
3232,"Informal downhill snow skiing (activity, apparel or
equipment)"
3233,Other grills or stoves
3234,"Rugby (activity, apparel or equipment)"
3235,"Other ball sports (activity, apparel or equipment)"
3236,"Ball sports (activity, apparel or equipment), not
specified"
3237,"Organized gymnastics (activity, apparel or
equipment; excluding trampolines)"
3239,"Organized tennis (activity, apparel or equipment)"
3240,"Informal baseball (activity, apparel or equipment)"
3241,"Informal soccer (activity, apparel or equipment)"
3242,"Organized basketball (activity, apparel or
equipment)"
3243,"Organized volleyball (activity, apparel or
equipment)"
3244,"Football (activity, apparel or equipment), not
specified"
3245,"Street hockey (activity, apparel or equipment)"
3246,"Swings or swing sets (excluding portable baby
swings)"
3247,"Ice or snow boating (activity, apparel or
equipment)"
3248,Gas or LP grills or stoves (for outdoor use)
3249,"Grills, not specified"
3250,Portable food or beverage coolers
3251,Built-in swimming pools
3252,Sleeping bags
3253,"Guns, not specified"
3254,"Cheerleading (activity, apparel or equipment;
excluding batons)"
3255,"Ice skating (activity, apparel or equipment)"
3256,"Squash, racquet ball or paddle ball (activity,
apparel or equipment)"
3257,"Martial arts (activity, apparel or equipment)"
3258,Minibikes or trail bikes
3259,Go-carts
3260,"Fencing (activity, apparel or equipment)"
3261,"Shuffleboard (activity, apparel or equipment)"
3262,"Swimming pool equipment (excluding chemicals,
diving boards and swimming pool slides)"
3263,"Informal gymnastics (activity, apparel or
equipment; excluding trampolines)"
3264,"Organized downhill snow skiing (activity, apparel
or equipment)"
3265,"Weight lifting (activity, apparel or equipment)"
3266,"Tennis (activity, apparel or equipment), not
specified"
3267,"Informal basketball (activity, apparel or
equipment)"
3268,"Informal volleyball (activity, apparel or equipment)"
3269,"Organized football (activity, apparel or
equipment)"
3270,"Baseball (activity, apparel or equipment), not
specified"
3271,"Soccer (activity, apparel or equipment), not
specified"
3272,"Hockey (activity, apparel or equipment), not
specified"
3273,"Playground equipment, not specified"
3274,"Swimming (activity, apparel or equipment;
excluding flotation devices)"
3275,"Informal tennis (activity, apparel or equipment)"
3276,"Water polo (activity, apparel or equipment)"
3277,"Exercise equipment (excluding weight lifting or
gymnastic equipment)"
3278,"Dancing (activity, apparel or equipment)"
3280,"Boats, boat motors or accessories (for
recreational use; excluding flotation devices and
ice or snow boating)"
3281,"Cross-country snow skiing (activity, apparel or
equipment)"
3282,"Curling (activity, apparel or equipment)"
3283,"Snow skiing (activity, apparel or equipment)"
3284,"Tennis (activity, apparel or equipment)"
3285,"All-terrain vehicles (three wheels only; exclusively
off-road)"
3286,"All-terrain vehicles (four wheels, excluding dune
buggies; exclusively off-road)"
3287,"All-terrain vehicles (number of wheels not
specified; excluding dune buggies; exclusively off-
road)"
3288,Dune buggies/beach buggies
3289,"Darts, for indoor use (activity or equipment)"
3290,"Darts, lawn (activity or equipment)"
3291,"Darts, not specified"
3292,"Personal watercraft, powered"
3293,"Water slides, not elsewhere classified"
3294,"Water slides, backyard/home (not swimming pool
slides)"
3295,"Water slides, public (stationary amusement rides)"
3296,"All-terrain vehicles (more than four wheels;
exclusively off-road)"
3297,"In-line skating (activity, apparel or equipment)"
3298,"Boats and boating (activity, apparel or
equipment)"
4001,Patio tables
4002,"Bedding, not specified"
4003,"Stools, not specified"
4004,"Mirrors or mirror glass (excluding lighted make-
up mirrors)"
4005,"Filters (excluding swimming pool and aquarium
filters)"
4006,Other tables
4007,"Stands or pedestals (excluding Christmas tree,
screen and television stands)"
4008,Nonelectric blankets
4009,"Nonbaby mattresses (excluding camp
mattresses)"
4010,"Mattresses, not specified"
4011,Inflatable furniture
4012,"Tables, not specified"
4013,Other furniture
4014,"Furniture, not specified"
4015,"Upholstered footstools, ottomans or hassocks"
4016,Beach chairs or folding chairs
4017,Nonupholstered recliner chairs
4018,Nonupholstered rocking chairs
4020,Upholstered rocking chairs
4021,Other chairs
4022,"Chairs, not specified"
4023,"Recliner chairs, not specified"
4024,"Rocking chairs, not specified"
4025,Barstools or kitchen stools
4026,Other stools
4027,Bars
4028,"Other cabinets, racks or shelves"
4029,"Cabinets, racks or shelves, not specified"
4030,"Bathtub or shower enclosures, not specified"
4031,Cocktail or coffee tables
4032,Other ladders (excluding swimming pool ladders)
4033,"Ladders, not specified"
4034,Other utility meters
4035,"Utility meters, not specified"
4036,"Electric table lamps, floor lamps or desk lamps"
4037,Portable fuel-burning lighting equipment
4038,Stationary fuel-burning lighting equipment
4039,Other electric lighting equipment
4040,"Fuel-burning lighting equipment, not specified"
4041,"Electric lighting equipment, not specified"
4042,"Lighting equipment, not specified"
4043,Clocks
4044,End tables
4045,Fabrics (not part of finished item)
4046,"Dining, dinette or kitchen tables"
4047,"Books, magazines, albums or scrapbooks"
4048,Other scales
4049,"Scales, not specified"
4050,Pillows (excluding water pillows)
4051,Sheets or pillowcases
4052,Other upholstered chairs
4053,"Upholstered chairs, not specified"
4054,Other bedding
4055,"Drapery or curtain rods, hooks or rings"
4056,"Cabinets, racks, room dividers and shelves, not
elsewhere classified"
4057,"Tables, not elsewhere classified -> Tables (excl.
baby changing tables, billiard or pool tables and
television tables or stands)"
4058,"Bars and bar accessories (excluding gymnastic
and weight lifting equipment)"
4059,Scales (excluding baby scales)
4060,Fuel-burning lighting equipment
4061,Electrical outlets or receptacles
4062,"Electrical wire or wiring systems (excluding
panelboards, receptacles or interrupters)"
4063,"Panelboards, circuit breakers, ground fault circuit
interrupters (GFCIs) or fuses"
4064,Futons
4065,"Clocks, electric or battery operated"
4066,"Scales, electric or battery operated (excluding
baby scales)"
4067,"Clocks, not electric or not battery operated or not
specified"
4068,"Scales, not electric or not battery operated or not
specified (excluding baby scales)"
4069,Cots
4070,"Floor lamps or table lamps, halogen"
4071,"Floor lamps or table lamps, electric (excluding
halogen lamps)"
4072,"Bedsprings or bedframes, (excl. bunk beds and
adult bed rails)"
4074,"Chairs, other or not specified"
4075,Bed rails
4076,"Beds or bedframes, other or not specified"
4077,Extension or straight ladders
4078,"Ladders, other or not specified"
4079,"Footstools, ottomans or hassocks"
4080,"Stools, other or not specified"
4081,"Cords, electrical, other or not specified"
4082,Toddler beds
4083,Surge suppressors or power strips
4084,"Residential alternative energy systems for
on-site power generation"
4802,"Straps, non-stretch, other, or not specified"
5001,Other toy weapons (projectile)
5002,"Games or game parts, not specified"
5003,"Dolls or toy animals, not specified"
5004,"Toys, not elsewhere classified"
5005,"Riding toys (excluding bicycles and tricycles), not
specified"
5006,Other toy guns
5007,"Toy weapons, not specified"
5008,Electric games or game parts
5009,Nonelectric games or game parts
5010,Crayons or chalk (excluding billiard or pool chalk)
5011,"Book bags or back carriers (excluding baby
carriers, luggage and camping equipment)"
5012,"Toy vehicles, not specified"
5013,"Toy make-up kits or cosmetics (excluding
mirrors)"
5014,Blackboards
5015,"Toy caps, cap toys or cap guns"
5016,"Balls, other or not specified"
5017,Flying discs and boomerangs
5018,Doll houses and other play scenes
5019,"Games or game parts (excluding marbles and
computer games)"
5020,"Pretend electronics, tools, housewares, and"
5021,Toy vehicles (excluding riding toys)
5029,"Camping equipment (excl. trailers, lighting
equipment, sleeping bags, cots, hammocks,
coolers, stoves and heaters)"
5030,"Track and field (activity, apparel or equipment;
excluding jogging or running for fitness)"
5031,"Snow boarding (activity, apparel or equipment)"
5032,"Roller hockey (activity, apparel or equipment)"
5033,Mountain or all-terrain bicycles or accessories
5034,"Softball (activity, apparel or equipment)"
5035,"Minibikes, powered"
5036,"Two-wheeled, powered, off-road vehicles (incl.
dirt bikes and trail bikes; excl. mopeds and
minibikes)"
5037,Hammocks
5038,"Fitness/activity tracker, personal (including
pedometers and non-medical heart rate
monitors)"
5039,
5040,"Bicycles or accessories (excluding mountain or
all-terrain bicycles)"
5041,"Baseball (activity, apparel or equipment;
excluding softball)"
5042,"Scooters/skateboards, powered"
5043,Portable swimming pools
5044,Utility vehicles
5555,"Substance ingested or inhaled by a victim under
age 5 which could lead to a poisoning and for
which there is no current product code."
6666,Inhalant abuse
7001,"Yard or home improvement equipment for
consumer use, no other code"
7777,"Product involved, but not a NEISS product - used
for special studies only"
7878,"Product involved, but not a NEISS product, or no
product involved (used for special studies only)"
8888,"Fire, burn, anoxia or electric shock (product
unknown, no known building, no fire involvement
or fire involvement unknown)"
9000,"Original product code changed when found to be
out-of-scope upon follow-back investigation"
9001,"Mental Health Services provided, ages 201-021"
9002,Sexual violence
9003,Non-sexual intimate partner violence
9100,Out of scope product - retailer report
9101,No clerical coding - retailer report
9200,Drywall control - no complaint
9999,Not in scope or no product
